{
    "770746522509770782": {
        "cusname": "Empty.",
        "age": "Empty.",
        "country": "Empty.",
        "city": "Empty.",
        "description": "Empty.",
        "userinsta": "elbouzarygamer",
        "usertwiter": "kahrbaa_"
    },
    "1038554326966214707": {
        "cusname": "Empty.",
        "age": "Empty.",
        "country": "Empty.",
        "city": "Empty.",
        "description": "Empty.",
        "userinsta": "5a6f",
        "usertwiter": "5a6f"
    },
    "1041289236629946431": {
        "cusname": "Empty.",
        "age": "Empty.",
        "country": "Empty.",
        "city": "Empty.",
        "description": "Empty.",
        "userinsta": "h8x.h",
        "usertwiter": "kahrbaa_"
    }
}